<metadata xml:lang="fi"><Esri><CreaDate>20170515</CreaDate><CreaTime>20393300</CreaTime><ArcGISFormat>1.0</ArcGISFormat><SyncOnce>FALSE</SyncOnce><DataProperties><lineage><Process ToolSource="c:\program files (x86)\arcgis\desktop10.3\ArcToolbox\Toolboxes\Data Management Tools.tbx\Append" Date="20170515" Time="203933">Append YSA_A_FILTERED_Layer D:\SATJ2SYKE\App\Output\LSA.gdb\Luonnonsuojelualueet\YSA NO_TEST "KohdeId "KohdeId" true true false 4 Long 0 0 ,First,#,YSA_A_FILTERED_Layer,KohdeId,-1,-1;LsAlueTunnus "LsAlueTunnus" true true false 9 Text 0 0 ,First,#,YSA_A_FILTERED_Layer,LsAlueTunnus,-1,-1;Nimi "Nimi" true true false 200 Text 0 0 ,First,#,YSA_A_FILTERED_Layer,Nimi,-1,-1;NimiRuotsi "NimiRuotsi" true true false 200 Text 0 0 ,First,#,YSA_A_FILTERED_Layer,NimiRuotsi,-1,-1;KohdeTyyppi "KohdeTyyppi" true true false 4 Long 0 0 ,First,#,YSA_A_FILTERED_Layer,KohdeTyyppi,-1,-1;TyyppiLyhenne "TyyppiLyhenne" true true false 4 Text 0 0 ,First,#,YSA_A_FILTERED_Layer,TyyppiLyhenne,-1,-1;TyyppiNimi "TyyppiNimi" true true false 60 Text 0 0 ,First,#,YSA_A_FILTERED_Layer,TyyppiNimi,-1,-1;PaatPvm "PaatPvm" true true false 8 Date 0 0 ,First,#,YSA_A_FILTERED_Layer,PaatPvm,-1,-1;PaatNimi "PaatosNimi" true true false 200 Text 0 0 ,First,#;PaatURL "PaatosURL" true true false 255 Text 0 0 ,First,#;ViimPaatPvm "ViimPaatPvm" true true false 8 Date 0 0 ,First,#,YSA_A_FILTERED_Layer,ViimPaatPvm,-1,-1;ViimPaatNimi "ViimPaatosNimi" true true false 200 Text 0 0 ,First,#;LakiPeruste "LakiPeruste" true true false 255 Text 0 0 ,First,#,YSA_A_FILTERED_Layer,LakiPeruste,-1,-1;LakkautusPvm "LakkautusPvm" true true false 8 Date 0 0 ,First,#,YSA_A_FILTERED_Layer,LakkautusPvm,-1,-1;CDDATunnus "CDDATunnus" true true false 4 Long 0 0 ,First,#,YSA_A_FILTERED_Layer,CDDATunnus,-1,-1;IUCNKategoria "IUCNKategoria" true true false 4 Text 0 0 ,First,#,YSA_A_FILTERED_Layer,IUCNKategoria,-1,-1;IUCNLuokkaNimi "IUCNLuokkaNimi" true true false 50 Text 0 0 ,First,#,YSA_A_FILTERED_Layer,IUCNLuokkaNimi,-1,-1;LPAlue "LPAlue" true true false 30 Text 0 0 ,First,#,YSA_A_FILTERED_Layer,LPAlue,-1,-1;ELY "ELY" true true false 50 Text 0 0 ,First,#,YSA_A_FILTERED_Layer,ELY,-1,-1;Olotila "Olotila" true true false 50 Text 0 0 ,First,#,YSA_A_FILTERED_Layer,Olotila,-1,-1;OlotilaMuutosPvm "OlotilaMuutosPvm" true true false 8 Date 0 0 ,First,#,YSA_A_FILTERED_Layer,OlotilaMuutosPvm,-1,-1;DigPohja "DigPohja" true true false 100 Text 0 0 ,First,#,YSA_A_FILTERED_Layer,DigPohja,-1,-1;MuutosPvm "MuutosPvm" true true false 8 Date 0 0 ,First,#,YSA_A_FILTERED_Layer,MuutosPvm,-1,-1;Lisatieto "Lisatieto" true true false 255 Text 0 0 ,First,#;Shape_Length "Shape_Length" false true true 8 Double 0 0 ,First,#,YSA_A_FILTERED_Layer,SHAPE_Length,-1,-1;Shape_Area "Shape_Area" false true true 8 Double 0 0 ,First,#,YSA_A_FILTERED_Layer,SHAPE_Area,-1,-1;VoimaantuloPvm "VoimaantuloPvm" true true false 8 Date 0 0 ,First,#,YSA_A_FILTERED_Layer,VoimaantuloPvm,-1,-1" #</Process><Process ToolSource="c:\program files (x86)\arcgis\desktop10.3\ArcToolbox\Toolboxes\Data Management Tools.tbx\CalculateField" Date="20170515" Time="204105">CalculateField D:\SATJ2SYKE\App\Output\LSA.gdb\Luonnonsuojelualueet\YSA LsAlueTunnus setNull( !LsAlueTunnus! ) PYTHON_9.3 "def setNull(Type):\n  if Type is None:\n    return ""\n  else:\n    return Type\n\n"</Process><Process ToolSource="c:\program files (x86)\arcgis\desktop10.3\ArcToolbox\Toolboxes\Data Management Tools.tbx\CalculateField" Date="20170515" Time="204106">CalculateField D:\SATJ2SYKE\App\Output\LSA.gdb\Luonnonsuojelualueet\YSA Nimi setNull( !Nimi! ) PYTHON_9.3 "def setNull(Type):\n  if Type is None:\n    return ""\n  else:\n    return Type\n\n"</Process><Process ToolSource="c:\program files (x86)\arcgis\desktop10.3\ArcToolbox\Toolboxes\Data Management Tools.tbx\CalculateField" Date="20170515" Time="204107">CalculateField D:\SATJ2SYKE\App\Output\LSA.gdb\Luonnonsuojelualueet\YSA NimiRuotsi setNull( !NimiRuotsi! ) PYTHON_9.3 "def setNull(Type):\n  if Type is None:\n    return ""\n  else:\n    return Type\n\n"</Process><Process ToolSource="c:\program files (x86)\arcgis\desktop10.3\ArcToolbox\Toolboxes\Data Management Tools.tbx\CalculateField" Date="20170515" Time="204109">CalculateField D:\SATJ2SYKE\App\Output\LSA.gdb\Luonnonsuojelualueet\YSA KohdeTyyppi setNull( !KohdeTyyppi! ) PYTHON_9.3 "def setNull(Type):\n  if Type is None:\n    return -9999\n  else:\n    return Type\n\n"</Process><Process ToolSource="c:\program files (x86)\arcgis\desktop10.3\ArcToolbox\Toolboxes\Data Management Tools.tbx\CalculateField" Date="20170515" Time="204110">CalculateField D:\SATJ2SYKE\App\Output\LSA.gdb\Luonnonsuojelualueet\YSA TyyppiLyhenne setNull( !TyyppiLyhenne! ) PYTHON_9.3 "def setNull(Type):\n  if Type is None:\n    return ""\n  else:\n    return Type\n\n"</Process><Process ToolSource="c:\program files (x86)\arcgis\desktop10.3\ArcToolbox\Toolboxes\Data Management Tools.tbx\CalculateField" Date="20170515" Time="204111">CalculateField D:\SATJ2SYKE\App\Output\LSA.gdb\Luonnonsuojelualueet\YSA TyyppiNimi setNull( !TyyppiNimi! ) PYTHON_9.3 "def setNull(Type):\n  if Type is None:\n    return ""\n  else:\n    return Type\n\n"</Process><Process ToolSource="c:\program files (x86)\arcgis\desktop10.3\ArcToolbox\Toolboxes\Data Management Tools.tbx\CalculateField" Date="20170515" Time="204113">CalculateField D:\SATJ2SYKE\App\Output\LSA.gdb\Luonnonsuojelualueet\YSA PaatPvm setNull( !PaatPvm! ) PYTHON_9.3 "def setNull(Type):\n  if Type is None:\n    d= "9999-12-31 00:00:00"\n    return  d\n  else:\n    return Type"</Process><Process ToolSource="c:\program files (x86)\arcgis\desktop10.3\ArcToolbox\Toolboxes\Data Management Tools.tbx\CalculateField" Date="20170515" Time="204114">CalculateField D:\SATJ2SYKE\App\Output\LSA.gdb\Luonnonsuojelualueet\YSA ViimPaatPvm setNull( !ViimPaatPvm! ) PYTHON_9.3 "def setNull(Type):\n  if Type is None:\n    d= "9999-12-31 00:00:00"\n    return  d\n  else:\n    return Type"</Process><Process ToolSource="c:\program files (x86)\arcgis\desktop10.3\ArcToolbox\Toolboxes\Data Management Tools.tbx\CalculateField" Date="20170515" Time="204116">CalculateField D:\SATJ2SYKE\App\Output\LSA.gdb\Luonnonsuojelualueet\YSA PaatNimi setNull( !PaatNimi! ) PYTHON_9.3 "def setNull(Type):\n  if Type is None:\n    return ""\n  else:\n    return Type\n\n"</Process><Process ToolSource="c:\program files (x86)\arcgis\desktop10.3\ArcToolbox\Toolboxes\Data Management Tools.tbx\CalculateField" Date="20170515" Time="204118">CalculateField D:\SATJ2SYKE\App\Output\LSA.gdb\Luonnonsuojelualueet\YSA PaatURL setNull( !PaatURL! ) PYTHON_9.3 "def setNull(Type):\n  if Type is None:\n    return ""\n  else:\n    return Type\n\n"</Process><Process ToolSource="c:\program files (x86)\arcgis\desktop10.3\ArcToolbox\Toolboxes\Data Management Tools.tbx\CalculateField" Date="20170515" Time="204119">CalculateField D:\SATJ2SYKE\App\Output\LSA.gdb\Luonnonsuojelualueet\YSA ViimPaatNimi setNull( !ViimPaatNimi! ) PYTHON_9.3 "def setNull(Type):\n  if Type is None:\n    return ""\n  else:\n    return Type\n\n"</Process><Process ToolSource="c:\program files (x86)\arcgis\desktop10.3\ArcToolbox\Toolboxes\Data Management Tools.tbx\CalculateField" Date="20170515" Time="204121">CalculateField D:\SATJ2SYKE\App\Output\LSA.gdb\Luonnonsuojelualueet\YSA VoimaantuloPvm setNull( !VoimaantuloPvm! ) PYTHON_9.3 "def setNull(Type):\n  if Type is None:\n    d= "9999-12-31 00:00:00"\n    return  d\n  else:\n    return Type"</Process><Process ToolSource="c:\program files (x86)\arcgis\desktop10.3\ArcToolbox\Toolboxes\Data Management Tools.tbx\CalculateField" Date="20170515" Time="204122">CalculateField D:\SATJ2SYKE\App\Output\LSA.gdb\Luonnonsuojelualueet\YSA LakiPeruste setNull( !LakiPeruste! ) PYTHON_9.3 "def setNull(Type):\n  if Type is None:\n    return ""\n  else:\n    return Type\n\n"</Process><Process ToolSource="c:\program files (x86)\arcgis\desktop10.3\ArcToolbox\Toolboxes\Data Management Tools.tbx\CalculateField" Date="20170515" Time="204124">CalculateField D:\SATJ2SYKE\App\Output\LSA.gdb\Luonnonsuojelualueet\YSA CDDATunnus setNull( !CDDATunnus! ) PYTHON_9.3 "def setNull(Type):\n  if Type is None:\n    return -9999\n  else:\n    return Type\n\n"</Process><Process ToolSource="c:\program files (x86)\arcgis\desktop10.3\ArcToolbox\Toolboxes\Data Management Tools.tbx\CalculateField" Date="20170515" Time="204125">CalculateField D:\SATJ2SYKE\App\Output\LSA.gdb\Luonnonsuojelualueet\YSA IUCNKategoria setNull( !IUCNKategoria! ) PYTHON_9.3 "def setNull(Type):\n  if Type is None:\n    return ""\n  else:\n    return Type\n\n"</Process><Process ToolSource="c:\program files (x86)\arcgis\desktop10.3\ArcToolbox\Toolboxes\Data Management Tools.tbx\CalculateField" Date="20170515" Time="204127">CalculateField D:\SATJ2SYKE\App\Output\LSA.gdb\Luonnonsuojelualueet\YSA IUCNLuokkaNimi setNull( !IUCNLuokkaNimi! ) PYTHON_9.3 "def setNull(Type):\n  if Type is None:\n    return ""\n  else:\n    return Type\n\n"</Process><Process ToolSource="c:\program files (x86)\arcgis\desktop10.3\ArcToolbox\Toolboxes\Data Management Tools.tbx\CalculateField" Date="20170515" Time="204128">CalculateField D:\SATJ2SYKE\App\Output\LSA.gdb\Luonnonsuojelualueet\YSA LPAlue setNull( !LPAlue! ) PYTHON_9.3 "def setNull(Type):\n  if Type is None:\n    return ""\n  else:\n    return Type\n\n"</Process><Process ToolSource="c:\program files (x86)\arcgis\desktop10.3\ArcToolbox\Toolboxes\Data Management Tools.tbx\CalculateField" Date="20170515" Time="204130">CalculateField D:\SATJ2SYKE\App\Output\LSA.gdb\Luonnonsuojelualueet\YSA ELY setNull( !ELY! ) PYTHON_9.3 "def setNull(Type):\n  if Type is None:\n    return ""\n  else:\n    return Type\n\n"</Process><Process ToolSource="c:\program files (x86)\arcgis\desktop10.3\ArcToolbox\Toolboxes\Data Management Tools.tbx\CalculateField" Date="20170515" Time="204131">CalculateField D:\SATJ2SYKE\App\Output\LSA.gdb\Luonnonsuojelualueet\YSA Olotila setNull( !Olotila! ) PYTHON_9.3 "def setNull(Type):\n  if Type is None:\n    return ""\n  else:\n    return Type\n\n"</Process><Process ToolSource="c:\program files (x86)\arcgis\desktop10.3\ArcToolbox\Toolboxes\Data Management Tools.tbx\CalculateField" Date="20170515" Time="204133">CalculateField D:\SATJ2SYKE\App\Output\LSA.gdb\Luonnonsuojelualueet\YSA OlotilaMuutosPvm setNull( !OlotilaMuutosPvm! ) PYTHON_9.3 "def setNull(Type):\n  if Type is None:\n    d= "9999-12-31 00:00:00"\n    return  d\n  else:\n    return Type"</Process><Process ToolSource="c:\program files (x86)\arcgis\desktop10.3\ArcToolbox\Toolboxes\Data Management Tools.tbx\CalculateField" Date="20170515" Time="204134">CalculateField D:\SATJ2SYKE\App\Output\LSA.gdb\Luonnonsuojelualueet\YSA DigPohja setNull( !DigPohja! ) PYTHON_9.3 "def setNull(Type):\n  if Type is None:\n    return ""\n  else:\n    return Type\n\n"</Process><Process ToolSource="c:\program files (x86)\arcgis\desktop10.3\ArcToolbox\Toolboxes\Data Management Tools.tbx\CalculateField" Date="20170515" Time="204136">CalculateField D:\SATJ2SYKE\App\Output\LSA.gdb\Luonnonsuojelualueet\YSA MuutosPvm setNull( !MuutosPvm! ) PYTHON_9.3 "def setNull(Type):\n  if Type is None:\n    d= "9999-12-31 00:00:00"\n    return  d\n  else:\n    return Type"</Process><Process ToolSource="c:\program files (x86)\arcgis\desktop10.3\ArcToolbox\Toolboxes\Data Management Tools.tbx\CalculateField" Date="20170515" Time="204137">CalculateField D:\SATJ2SYKE\App\Output\LSA.gdb\Luonnonsuojelualueet\YSA Lisatieto setNull( !Lisatieto! ) PYTHON_9.3 "def setNull(Type):\n  if Type is None:\n    return ""\n  else:\n    return Type\n\n"</Process><Process ToolSource="c:\program files (x86)\arcgis\desktop10.3\ArcToolbox\Toolboxes\Data Management Tools.tbx\CalculateField" Date="20170515" Time="204140">CalculateField D:\SATJ2SYKE\App\Output\LSA.gdb\Luonnonsuojelualueet\YSA LakkautusPvm setNull( !LakkautusPvm! ) PYTHON_9.3 "def setNull(Type):\n  if Type is None:\n    d= "9999-12-31 00:00:00"\n    return  d\n  else:\n    return Type"</Process><Process ToolSource="c:\program files (x86)\arcgis\desktop10.2\ArcToolbox\Toolboxes\Conversion Tools.tbx\FeatureClassToFeatureClass" Date="20170516" Time="010324">FeatureClassToFeatureClass \\fs-giswork\GisWork\DataPulju\LsAlue_Siirtopaketti\LSA.gdb\Luonnonsuojelualueet\YSA C:/Main/Prog/Ls-alueet/connections/kkd01_inspire1ls.sde/INSPIRE1Luonnonsuojelualueet.GEO.Luonnonsuojelualueet/ YSA # "KohdeId "KohdeId" true true false 4 Long 0 0 ,First,#,\\fs-giswork\GisWork\DataPulju\LsAlue_Siirtopaketti\LSA.gdb\Luonnonsuojelualueet\YSA,KohdeId,-1,-1;LsAlueTunnus "LsAlueTunnus" true true false 9 Text 0 0 ,First,#,\\fs-giswork\GisWork\DataPulju\LsAlue_Siirtopaketti\LSA.gdb\Luonnonsuojelualueet\YSA,LsAlueTunnus,-1,-1;Nimi "Nimi" true true false 200 Text 0 0 ,First,#,\\fs-giswork\GisWork\DataPulju\LsAlue_Siirtopaketti\LSA.gdb\Luonnonsuojelualueet\YSA,Nimi,-1,-1;NimiRuotsi "NimiRuotsi" true true false 200 Text 0 0 ,First,#,\\fs-giswork\GisWork\DataPulju\LsAlue_Siirtopaketti\LSA.gdb\Luonnonsuojelualueet\YSA,NimiRuotsi,-1,-1;KohdeTyyppi "KohdeTyyppi" true true false 4 Long 0 0 ,First,#,\\fs-giswork\GisWork\DataPulju\LsAlue_Siirtopaketti\LSA.gdb\Luonnonsuojelualueet\YSA,KohdeTyyppi,-1,-1;TyyppiLyhenne "TyyppiLyhenne" true true false 4 Text 0 0 ,First,#,\\fs-giswork\GisWork\DataPulju\LsAlue_Siirtopaketti\LSA.gdb\Luonnonsuojelualueet\YSA,TyyppiLyhenne,-1,-1;TyyppiNimi "TyyppiNimi" true true false 60 Text 0 0 ,First,#,\\fs-giswork\GisWork\DataPulju\LsAlue_Siirtopaketti\LSA.gdb\Luonnonsuojelualueet\YSA,TyyppiNimi,-1,-1;PaatPvm "PaatPvm" true true false 8 Date 0 0 ,First,#,\\fs-giswork\GisWork\DataPulju\LsAlue_Siirtopaketti\LSA.gdb\Luonnonsuojelualueet\YSA,PaatPvm,-1,-1;PaatNimi "PaatosNimi" true true false 200 Text 0 0 ,First,#,\\fs-giswork\GisWork\DataPulju\LsAlue_Siirtopaketti\LSA.gdb\Luonnonsuojelualueet\YSA,PaatNimi,-1,-1;PaatURL "PaatosURL" true true false 255 Text 0 0 ,First,#,\\fs-giswork\GisWork\DataPulju\LsAlue_Siirtopaketti\LSA.gdb\Luonnonsuojelualueet\YSA,PaatURL,-1,-1;ViimPaatPvm "ViimPaatPvm" true true false 8 Date 0 0 ,First,#,\\fs-giswork\GisWork\DataPulju\LsAlue_Siirtopaketti\LSA.gdb\Luonnonsuojelualueet\YSA,ViimPaatPvm,-1,-1;ViimPaatNimi "ViimPaatosNimi" true true false 200 Text 0 0 ,First,#,\\fs-giswork\GisWork\DataPulju\LsAlue_Siirtopaketti\LSA.gdb\Luonnonsuojelualueet\YSA,ViimPaatNimi,-1,-1;LakiPeruste "LakiPeruste" true true false 255 Text 0 0 ,First,#,\\fs-giswork\GisWork\DataPulju\LsAlue_Siirtopaketti\LSA.gdb\Luonnonsuojelualueet\YSA,LakiPeruste,-1,-1;LakkautusPvm "LakkautusPvm" true true false 8 Date 0 0 ,First,#,\\fs-giswork\GisWork\DataPulju\LsAlue_Siirtopaketti\LSA.gdb\Luonnonsuojelualueet\YSA,LakkautusPvm,-1,-1;CDDATunnus "CDDATunnus" true true false 4 Long 0 0 ,First,#,\\fs-giswork\GisWork\DataPulju\LsAlue_Siirtopaketti\LSA.gdb\Luonnonsuojelualueet\YSA,CDDATunnus,-1,-1;IUCNKategoria "IUCNKategoria" true true false 4 Text 0 0 ,First,#,\\fs-giswork\GisWork\DataPulju\LsAlue_Siirtopaketti\LSA.gdb\Luonnonsuojelualueet\YSA,IUCNKategoria,-1,-1;IUCNLuokkaNimi "IUCNLuokkaNimi" true true false 50 Text 0 0 ,First,#,\\fs-giswork\GisWork\DataPulju\LsAlue_Siirtopaketti\LSA.gdb\Luonnonsuojelualueet\YSA,IUCNLuokkaNimi,-1,-1;LPAlue "LPAlue" true true false 30 Text 0 0 ,First,#,\\fs-giswork\GisWork\DataPulju\LsAlue_Siirtopaketti\LSA.gdb\Luonnonsuojelualueet\YSA,LPAlue,-1,-1;ELY "ELY" true true false 50 Text 0 0 ,First,#,\\fs-giswork\GisWork\DataPulju\LsAlue_Siirtopaketti\LSA.gdb\Luonnonsuojelualueet\YSA,ELY,-1,-1;Olotila "Olotila" true true false 50 Text 0 0 ,First,#,\\fs-giswork\GisWork\DataPulju\LsAlue_Siirtopaketti\LSA.gdb\Luonnonsuojelualueet\YSA,Olotila,-1,-1;OlotilaMuutosPvm "OlotilaMuutosPvm" true true false 8 Date 0 0 ,First,#,\\fs-giswork\GisWork\DataPulju\LsAlue_Siirtopaketti\LSA.gdb\Luonnonsuojelualueet\YSA,OlotilaMuutosPvm,-1,-1;DigPohja "DigPohja" true true false 100 Text 0 0 ,First,#,\\fs-giswork\GisWork\DataPulju\LsAlue_Siirtopaketti\LSA.gdb\Luonnonsuojelualueet\YSA,DigPohja,-1,-1;MuutosPvm "MuutosPvm" true true false 8 Date 0 0 ,First,#,\\fs-giswork\GisWork\DataPulju\LsAlue_Siirtopaketti\LSA.gdb\Luonnonsuojelualueet\YSA,MuutosPvm,-1,-1;Lisatieto "Lisatieto" true true false 255 Text 0 0 ,First,#,\\fs-giswork\GisWork\DataPulju\LsAlue_Siirtopaketti\LSA.gdb\Luonnonsuojelualueet\YSA,Lisatieto,-1,-1;Shape_Length "Shape_Length" false true true 8 Double 0 0 ,First,#,\\fs-giswork\GisWork\DataPulju\LsAlue_Siirtopaketti\LSA.gdb\Luonnonsuojelualueet\YSA,Shape_Length,-1,-1;Shape_Area "Shape_Area" false true true 8 Double 0 0 ,First,#,\\fs-giswork\GisWork\DataPulju\LsAlue_Siirtopaketti\LSA.gdb\Luonnonsuojelualueet\YSA,Shape_Area,-1,-1;VoimaantuloPvm "VoimaantuloPvm" true true false 8 Date 0 0 ,First,#,\\fs-giswork\GisWork\DataPulju\LsAlue_Siirtopaketti\LSA.gdb\Luonnonsuojelualueet\YSA,VoimaantuloPvm,-1,-1" #</Process><Process Name="Copy Features" ToolSource="f:\program files (x86)\arcgis\desktop10.3\ArcToolbox\Toolboxes\Data Management Tools.tbx\CopyFeatures" Date="20170517" Time="093226">CopyFeatures \\kkg43\gis\arcgis\tietokantayhteydet\sdereader_INSPIRE1Luonnonsuojelualueet_SqlProdGis.sde\INSPIRE1Luonnonsuojelualueet.GEO.Luonnonsuojelualueet\INSPIRE1Luonnonsuojelualueet.GEO.YSA \\KKG43\gispro\projekti\GIS_paivitys\datapaketit_internetpalveluun\Oiva\Luonnonsuojelualueet\Luonnonsuojelualueet_yksityinen\LsAlueYks.shp # 0 0 0</Process></lineage><itemProps><itemName Sync="TRUE">LsAlueYks</itemName><itemLocation><linkage Sync="TRUE">file://\\KKG43\gispro\projekti\GIS_paivitys\datapaketit_internetpalveluun\Oiva\Luonnonsuojelualueet\Luonnonsuojelualueet_yksityinen\LsAlueYks.shp</linkage><protocol Sync="TRUE">Local Area Network</protocol></itemLocation><itemSize Sync="TRUE">44.496</itemSize><imsContentType Sync="TRUE">002</imsContentType><nativeExtBox><westBL Sync="TRUE">84333.454000</westBL><eastBL Sync="TRUE">724304.591000</eastBL><southBL Sync="TRUE">6633808.029000</southBL><northBL Sync="TRUE">7763585.391000</northBL><exTypeCode Sync="TRUE">1</exTypeCode></nativeExtBox></itemProps><coordRef><type Sync="TRUE">Projected</type><geogcsn Sync="TRUE">GCS_EUREF_FIN</geogcsn><csUnits Sync="TRUE">Linear Unit: Meter (1.000000)</csUnits><projcsn Sync="TRUE">EUREF_FIN_TM35FIN</projcsn><peXml Sync="TRUE">&lt;ProjectedCoordinateSystem xsi:type='typens:ProjectedCoordinateSystem' xmlns:xsi='http://www.w3.org/2001/XMLSchema-instance' xmlns:xs='http://www.w3.org/2001/XMLSchema' xmlns:typens='http://www.esri.com/schemas/ArcGIS/10.3'&gt;&lt;WKT&gt;PROJCS[&amp;quot;EUREF_FIN_TM35FIN&amp;quot;,GEOGCS[&amp;quot;GCS_EUREF_FIN&amp;quot;,DATUM[&amp;quot;D_ETRS_1989&amp;quot;,SPHEROID[&amp;quot;GRS_1980&amp;quot;,6378137.0,298.257222101]],PRIMEM[&amp;quot;Greenwich&amp;quot;,0.0],UNIT[&amp;quot;Degree&amp;quot;,0.0174532925199433]],PROJECTION[&amp;quot;Transverse_Mercator&amp;quot;],PARAMETER[&amp;quot;False_Easting&amp;quot;,500000.0],PARAMETER[&amp;quot;False_Northing&amp;quot;,0.0],PARAMETER[&amp;quot;Central_Meridian&amp;quot;,27.0],PARAMETER[&amp;quot;Scale_Factor&amp;quot;,0.9996],PARAMETER[&amp;quot;Latitude_Of_Origin&amp;quot;,0.0],UNIT[&amp;quot;Meter&amp;quot;,1.0],AUTHORITY[&amp;quot;EPSG&amp;quot;,3067]]&lt;/WKT&gt;&lt;XOrigin&gt;-5120900&lt;/XOrigin&gt;&lt;YOrigin&gt;-9998100&lt;/YOrigin&gt;&lt;XYScale&gt;450445547.3910538&lt;/XYScale&gt;&lt;ZOrigin&gt;-100000&lt;/ZOrigin&gt;&lt;ZScale&gt;10000&lt;/ZScale&gt;&lt;MOrigin&gt;-100000&lt;/MOrigin&gt;&lt;MScale&gt;10000&lt;/MScale&gt;&lt;XYTolerance&gt;0.001&lt;/XYTolerance&gt;&lt;ZTolerance&gt;0.001&lt;/ZTolerance&gt;&lt;MTolerance&gt;0.001&lt;/MTolerance&gt;&lt;HighPrecision&gt;true&lt;/HighPrecision&gt;&lt;WKID&gt;102139&lt;/WKID&gt;&lt;LatestWKID&gt;3067&lt;/LatestWKID&gt;&lt;/ProjectedCoordinateSystem&gt;</peXml></coordRef></DataProperties><SyncDate>20170517</SyncDate><SyncTime>09323700</SyncTime><ModDate>20170517</ModDate><ModTime>09323700</ModTime><scaleRange xmlns:xsi="http://www.w3.org/2001/XMLSchema-instance"><minScale>50000</minScale><maxScale>5000</maxScale></scaleRange></Esri><mdLang xmlns:xsi="http://www.w3.org/2001/XMLSchema-instance"><languageCode value="fin">suomi</languageCode><countryCode value="FIN" Sync="TRUE"></countryCode></mdLang><mdChar xmlns:xsi="http://www.w3.org/2001/XMLSchema-instance"><CharSetCd value="004">utf8</CharSetCd></mdChar><mdHrLv xmlns:xsi="http://www.w3.org/2001/XMLSchema-instance"><ScopeCd value="005">tietoaineisto</ScopeCd></mdHrLv><mdContact xmlns:xsi="http://www.w3.org/2001/XMLSchema-instance"><rpOrgName>Suomen ympäristökeskus</rpOrgName><role><RoleCd value="007">yhteyshenkilö</RoleCd></role><rpCntInfo><cntAddress><delPoint>PL 140</delPoint><city>HELSINKI</city><postCode>00251</postCode><eMailAdd>gistuki.syke@ymparisto.fi</eMailAdd></cntAddress><cntPhone><voiceNum>020 610 123 (vaihde)</voiceNum></cntPhone></rpCntInfo></mdContact><distInfo xmlns:xsi="http://www.w3.org/2001/XMLSchema-instance"><distributor><distorTran><onLineSrc><orDesc value="002">ladattava aineisto</orDesc><OnLinkage>http://www.syke.fi/avointieto</OnLinkage><orFunct><OnFunctCd value="001">lataaminen</OnFunctCd></orFunct></onLineSrc></distorTran><distorFormat><formatVer>3.x</formatVer><checkValue>True</checkValue><formatName>ESRI shapefile</formatName></distorFormat><distorCont><checkValue>True</checkValue></distorCont></distributor><distFormat><formatName Sync="TRUE">Shapefile</formatName></distFormat><distTranOps><transSize Sync="TRUE">44.496</transSize></distTranOps></distInfo><dataIdInfo xmlns:xsi="http://www.w3.org/2001/XMLSchema-instance"><dataLang><languageCode value="fin">suomi</languageCode><countryCode value="FIN" Sync="TRUE"></countryCode></dataLang><idCitation><resAltTitle>Luonnonsuojelu- ja erämaa-alueet 11/2016</resAltTitle><resEdDate>2017-03-14</resEdDate><resRefDate><refDate>2017-03-14</refDate><refDateType><DateTypCd value="003">Päivitys</DateTypCd></refDateType></resRefDate><citId><identCode>NaN</identCode><identAuth><resTitle>FI</resTitle></identAuth>NaN</citId><citIdType>FI</citIdType><citRespParty><rpOrgName>Metsähallitus</rpOrgName><role><RoleCd value="003">omistaja</RoleCd></role><rpCntInfo><cntAddress><delPoint>Vernissakatu 4</delPoint><city>Vantaa</city><postCode>01300</postCode><eMailAdd>satj@metsa.fi</eMailAdd></cntAddress><cntPhone><voiceNum>0205 64 100</voiceNum></cntPhone></rpCntInfo></citRespParty><date><reviseDate>2017-03-14</reviseDate></date><resTitle Sync="TRUE">LsAlueYks</resTitle><presForm><PresFormCd value="005" Sync="TRUE"></PresFormCd></presForm></idCitation><spatRpType><SpatRepTypCd value="001">vektori</SpatRepTypCd></spatRpType><dataExt><tempEle><SpatTempEx><ST_Desc><stDesc>Aineisto on poimittu Metsähallituksen SATJ-järjestelmästä 7.11.2016.</stDesc></ST_Desc></SpatTempEx></tempEle><tempEle><SpatTempEx><ST_Desc><stDesc>Aineisto on poimittu Metsähallituksen SATJ-järjestelmästä 7.11.2016.</stDesc></ST_Desc></SpatTempEx></tempEle><tempEle><SpatTempEx><ST_Desc><stDesc>Aineisto on poimittu Metsähallituksen SATJ-järjestelmästä 7.11.2016.</stDesc></ST_Desc></SpatTempEx></tempEle><tempEle><SpatTempEx><ST_Desc><stDesc>Aineisto on poimittu Metsähallituksen SATJ-järjestelmästä 7.11.2016.</stDesc></ST_Desc></SpatTempEx></tempEle><geoEle/></dataExt><dataExt><geoEle><GeoBndBox><westBL>16.219259</westBL><eastBL>33.047593</eastBL><northBL>70.024134</northBL><southBL>59.561889</southBL></GeoBndBox></geoEle></dataExt><geoBox><westBL>16.219259</westBL><eastBL>33.047593</eastBL><northBL>70.024134</northBL><southBL>59.561889</southBL></geoBox><dataExt><geoEle><GeoBndBox><westBL>16.219259</westBL><eastBL>33.047593</eastBL><northBL>70.024134</northBL><southBL>59.561889</southBL></GeoBndBox></geoEle></dataExt><geoBox><westBL>16.219259</westBL><eastBL>33.047593</eastBL><northBL>70.024134</northBL><southBL>59.561889</southBL></geoBox><idStatus><ProgCd value="004">jatkuvasti ylläpidettävä</ProgCd></idStatus><idAbs>Luonnonsuojelu- ja erämaa-alueet –aineisto koostuu luonnonsuojelulain nojalla tai asetuksella valtion maille tai lääninhallituksen päätöksellä yksityismaille perustetuista luonnonsuojelualueista. Aineistoon kuuluvat myös luonnontilaisina säilytettävät ja osittain luonnonmukaisesti käsiteltävät laaja-alaiset erämaa-alueet. 1.9.2014 alkaen aineisto tuotetaan kokonaisuudessaan Metsähallituksen SATJ-järjestelmässä. Ajankohtainen tieto luonnonsuojelualueista löytyy ELY-keskuksilta. Tämä aineisto on päivitetty SATJ:stä marraskuussa 2016. Aineisto kuuluu SYKEn avoimiin aineistoihin (CC BY 4.0).</idAbs><idPurp>Luonnonsuojelualueiden tiedon hallintaan.</idPurp><tpCat><TopicCatCd value="007">ympäristö</TopicCatCd></tpCat><themeKeys><keyword>Suojellut alueet</keyword><thesaName><resTitle>GEMET - INSPIRE themes, version 1.0</resTitle><Citation/></thesaName></themeKeys><descKeys><keyTyp><KeyTypCd value="005">Teema</KeyTypCd></keyTyp><keyword>Suojellut alueet</keyword><thesaName><resTitle>GEMET - INSPIRE themes, version 1.0</resTitle><Citation><resRefDate><DateRef><refDate>2008-06-01</refDate><refDateType><DateTypCd value="002">julkaisu</DateTypCd></refDateType></DateRef></resRefDate></Citation></thesaName></descKeys><themeKeys><keyword>luonnonsuojelu</keyword><thesaName><Citation/></thesaName></themeKeys><descKeys><keyTyp><KeyTypCd value="005">Teema</KeyTypCd></keyTyp><keyword>luonnonsuojelu</keyword><thesaName><Citation><resRefDate><DateRef><refDate>2012-07-20</refDate><refDateType><DateTypCd value="002">julkaisu</DateTypCd></refDateType></DateRef></resRefDate></Citation></thesaName></descKeys><themeKeys><keyword>luonnonsuojelu</keyword><thesaName><resTitle>SYKEn teemaluokittelu</resTitle><Citation/></thesaName></themeKeys><descKeys><keyTyp><KeyTypCd value="005">Teema</KeyTypCd></keyTyp><keyword>luonnonsuojelu</keyword><thesaName><resTitle>SYKEn teemaluokittelu</resTitle><Citation><resRefDate><DateRef><refDate>2004-11-01</refDate><refDateType><DateTypCd value="002">julkaisu</DateTypCd></refDateType></DateRef></resRefDate></Citation></thesaName></descKeys><themeKeys><keyword>suojelualueet</keyword><thesaName><resTitle>Paikkatietohakemiston hakusanasto</resTitle><Citation/></thesaName></themeKeys><descKeys><keyTyp><KeyTypCd value="005">Teema</KeyTypCd></keyTyp><keyword>suojelualueet</keyword><thesaName><resTitle>Paikkatietohakemiston hakusanasto</resTitle><Citation><resRefDate><DateRef><refDate>2006-11-15</refDate><refDateType><DateTypCd value="002">julkaisu</DateTypCd></refDateType></DateRef></resRefDate></Citation></thesaName></descKeys><discKeys/><descKeys><keyTyp><KeyTypCd value="001">Ala</KeyTypCd></keyTyp></descKeys><placeKeys/><descKeys><keyTyp><KeyTypCd value="002">Paikka</KeyTypCd></keyTyp></descKeys><stratKeys/><descKeys><keyTyp><KeyTypCd value="003">Esiintymä</KeyTypCd></keyTyp></descKeys><tempKeys/><descKeys><keyTyp><KeyTypCd value="004">Aikajakso</KeyTypCd></keyTyp></descKeys><resConst><Consts><useLimit>Creative Commons Nimeä 4.0 Kansainvälinen http://www.syke.fi/fi-FI/Avoin_tieto/Kayttolupa_ja_vastuut</useLimit></Consts><LegConsts><accessConsts><RestrictCd value="005">lisenssi</RestrictCd></accessConsts><useConsts><RestrictCd value="005">lisenssi</RestrictCd></useConsts><othConsts>Lähde: Metsähallitus</othConsts></LegConsts><SecConsts><class><ClasscationCd value="001">julkinen</ClasscationCd></class></SecConsts></resConst><resMaint><maintFreq><MaintFreqCd value="007">puolivuosittain</MaintFreqCd></maintFreq><maintScp><ScopeCd value="005">tietoaineisto</ScopeCd></maintScp></resMaint><dataScale><equScale><rfDenom>20000</rfDenom></equScale></dataScale><idCredit><CreditCd value="001">Alueelliset ympäristökeskukset</CreditCd><CreditCd value="002">ELY-keskukset</CreditCd><CreditCd value="021">Metsähallitus</CreditCd></idCredit><crossref><citeinfo><onlink>http://geoportal.ymparisto.fi/meta/julkinen/dokumentit/Luonnonsuojelujaeramaaalueet.pdf</onlink></citeinfo></crossref><GraphOver><bgFileName>http://geoportal.ymparisto.fi/meta/julkinen/kuvat/Luonnonsuojelujaeramaaalueet.gif</bgFileName></GraphOver><searchKeys><keyword>Suojellut alueet</keyword><keyword>luonnonsuojelu</keyword><keyword>luonnonsuojelu</keyword><keyword>suojelualueet</keyword></searchKeys><envirDesc Sync="TRUE">Microsoft Windows Server 2008 R2 Version 6.1 (Build 7601) Service Pack 1; Esri ArcGIS 10.3.1.4959</envirDesc><dataExt><geoEle><GeoBndBox esriExtentType="search"><exTypeCode Sync="TRUE">1</exTypeCode><westBL Sync="TRUE">16.241763</westBL><eastBL Sync="TRUE">32.851274</eastBL><northBL Sync="TRUE">69.979485</northBL><southBL Sync="TRUE">59.634065</southBL></GeoBndBox></geoEle></dataExt></dataIdInfo><dqInfo xmlns:xsi="http://www.w3.org/2001/XMLSchema-instance"><dataLineage><statement>Valtion maiden suojelualueiden rajat pohjautuvat pääosin Metsähallitukselta saatuihin tietoihin. Yksityiset rauhoituspäätökset (ns. YSA alueet) on alun perin digitoitu Ympäristöministeriössä olevista päätöskartoista ja Suomen säädöskokoelmasta. Vuoden 1997 jälkeen tehdyt päätökset on digitoitu alueellisissa ympäristökeskuksissa vastaamaan digitointiajankohdan numeerisen kiinteistörajakartan (NKRK) rajoja. Joissakin ympäristökeskuksissa myös nämä vanhat päätökset on korjattu vastaamaan NKRK-aineistoa. Nykyisin aineistoa tuottaa ELY-keskusten Ympäristö ja luonnonvarat –vastuualue metsähallituksen SATJ-järjestelmässä. 14.3.2017 alkaen tiedot ovat siirtyneet automaattisesti Metsähallituksen järjestelmästä, joten aineistosta on samaan aikaan ympäristöhallinnon sisäisesti käytettävissä sisällöltään jotakuinkin samankaltainen aineisto, joka on ajantasainen. Aineisto sisältää osittain päällekkäisiä kohteita. Ei sisällä Ahvenanmaan tietoja.</statement></dataLineage><dqReport><DQDomConsis><measResult><ConResult><conPass>false</conPass></ConResult></measResult></DQDomConsis></dqReport><report type="DQDomConsis"><measResult><ConResult><conPass>false</conPass></ConResult></measResult></report></dqInfo><refSysInfo xmlns:xsi="http://www.w3.org/2001/XMLSchema-instance"><RefSystem><refSysID><identAuth><citIdType>EPSG</citIdType></identAuth><identCode code="3067" Sync="TRUE"></identCode><idCodeSpace Sync="TRUE">EPSG</idCodeSpace><idVersion Sync="TRUE">8.6.2</idVersion></refSysID></RefSystem></refSysInfo><eainfo xmlns:xsi="http://www.w3.org/2001/XMLSchema-instance"><detailed Name="LsAlueYks"><enttyp><enttypl Sync="TRUE">LsAlueYks</enttypl><enttypt Sync="TRUE">Feature Class</enttypt><enttypc Sync="TRUE">12196</enttypc></enttyp><attr><attrlabl Sync="TRUE">FID</attrlabl><attalias Sync="TRUE">FID</attalias><attrtype Sync="TRUE">OID</attrtype><attwidth Sync="TRUE">4</attwidth><atprecis Sync="TRUE">0</atprecis><attscale Sync="TRUE">0</attscale><attrdef Sync="TRUE">Internal feature number.</attrdef><attrdefs Sync="TRUE">Esri</attrdefs><attrdomv><udom Sync="TRUE">Sequential unique whole numbers that are automatically generated.</udom></attrdomv></attr><attr><attrlabl Sync="TRUE">DigPohja</attrlabl><attalias Sync="TRUE">DigPohja</attalias><attrtype Sync="TRUE">String</attrtype><attwidth Sync="TRUE">100</attwidth><atprecis Sync="TRUE">0</atprecis><attscale Sync="TRUE">0</attscale></attr><attr><attrlabl Sync="TRUE">KohdeId</attrlabl><attalias Sync="TRUE">KohdeId</attalias><attrtype Sync="TRUE">Integer</attrtype><attwidth Sync="TRUE">10</attwidth><atprecis Sync="TRUE">10</atprecis><attscale Sync="TRUE">0</attscale></attr><attr><attrlabl Sync="TRUE">LsAlueTunn</attrlabl><attalias Sync="TRUE">LsAlueTunn</attalias><attrtype Sync="TRUE">String</attrtype><attwidth Sync="TRUE">9</attwidth><atprecis Sync="TRUE">0</atprecis><attscale Sync="TRUE">0</attscale></attr><attr><attrlabl Sync="TRUE">Nimi</attrlabl><attalias Sync="TRUE">Nimi</attalias><attrtype Sync="TRUE">String</attrtype><attwidth Sync="TRUE">200</attwidth><atprecis Sync="TRUE">0</atprecis><attscale Sync="TRUE">0</attscale></attr><attr><attrlabl Sync="TRUE">NimiRuotsi</attrlabl><attalias Sync="TRUE">NimiRuotsi</attalias><attrtype Sync="TRUE">String</attrtype><attwidth Sync="TRUE">200</attwidth><atprecis Sync="TRUE">0</atprecis><attscale Sync="TRUE">0</attscale></attr><attr><attrlabl Sync="TRUE">KohdeTyypp</attrlabl><attalias Sync="TRUE">KohdeTyypp</attalias><attrtype Sync="TRUE">Integer</attrtype><attwidth Sync="TRUE">10</attwidth><atprecis Sync="TRUE">10</atprecis><attscale Sync="TRUE">0</attscale></attr><attr><attrlabl Sync="TRUE">TyyppiLyhe</attrlabl><attalias Sync="TRUE">TyyppiLyhe</attalias><attrtype Sync="TRUE">String</attrtype><attwidth Sync="TRUE">4</attwidth><atprecis Sync="TRUE">0</atprecis><attscale Sync="TRUE">0</attscale></attr><attr><attrlabl Sync="TRUE">TyyppiNimi</attrlabl><attalias Sync="TRUE">TyyppiNimi</attalias><attrtype Sync="TRUE">String</attrtype><attwidth Sync="TRUE">60</attwidth><atprecis Sync="TRUE">0</atprecis><attscale Sync="TRUE">0</attscale></attr><attr><attrlabl Sync="TRUE">PaatPvm</attrlabl><attalias Sync="TRUE">PaatPvm</attalias><attrtype Sync="TRUE">Date</attrtype><attwidth Sync="TRUE">8</attwidth><atprecis Sync="TRUE">0</atprecis><attscale Sync="TRUE">0</attscale></attr><attr><attrlabl Sync="TRUE">PaatNimi</attrlabl><attalias Sync="TRUE">PaatNimi</attalias><attrtype Sync="TRUE">String</attrtype><attwidth Sync="TRUE">200</attwidth><atprecis Sync="TRUE">0</atprecis><attscale Sync="TRUE">0</attscale></attr><attr><attrlabl Sync="TRUE">PaatURL</attrlabl><attalias Sync="TRUE">PaatURL</attalias><attrtype Sync="TRUE">String</attrtype><attwidth Sync="TRUE">254</attwidth><atprecis Sync="TRUE">0</atprecis><attscale Sync="TRUE">0</attscale></attr><attr><attrlabl Sync="TRUE">ViimPaatPv</attrlabl><attalias Sync="TRUE">ViimPaatPv</attalias><attrtype Sync="TRUE">Date</attrtype><attwidth Sync="TRUE">8</attwidth><atprecis Sync="TRUE">0</atprecis><attscale Sync="TRUE">0</attscale></attr><attr><attrlabl Sync="TRUE">ViimPaatNi</attrlabl><attalias Sync="TRUE">ViimPaatNi</attalias><attrtype Sync="TRUE">String</attrtype><attwidth Sync="TRUE">200</attwidth><atprecis Sync="TRUE">0</atprecis><attscale Sync="TRUE">0</attscale></attr><attr><attrlabl Sync="TRUE">LakiPerust</attrlabl><attalias Sync="TRUE">LakiPerust</attalias><attrtype Sync="TRUE">String</attrtype><attwidth Sync="TRUE">254</attwidth><atprecis Sync="TRUE">0</atprecis><attscale Sync="TRUE">0</attscale></attr><attr><attrlabl Sync="TRUE">LakkautusP</attrlabl><attalias Sync="TRUE">LakkautusP</attalias><attrtype Sync="TRUE">Date</attrtype><attwidth Sync="TRUE">8</attwidth><atprecis Sync="TRUE">0</atprecis><attscale Sync="TRUE">0</attscale></attr><attr><attrlabl Sync="TRUE">CDDATunnus</attrlabl><attalias Sync="TRUE">CDDATunnus</attalias><attrtype Sync="TRUE">Integer</attrtype><attwidth Sync="TRUE">10</attwidth><atprecis Sync="TRUE">10</atprecis><attscale Sync="TRUE">0</attscale></attr><attr><attrlabl Sync="TRUE">IUCNKatego</attrlabl><attalias Sync="TRUE">IUCNKatego</attalias><attrtype Sync="TRUE">String</attrtype><attwidth Sync="TRUE">4</attwidth><atprecis Sync="TRUE">0</atprecis><attscale Sync="TRUE">0</attscale></attr><attr><attrlabl Sync="TRUE">IUCNLuokka</attrlabl><attalias Sync="TRUE">IUCNLuokka</attalias><attrtype Sync="TRUE">String</attrtype><attwidth Sync="TRUE">50</attwidth><atprecis Sync="TRUE">0</atprecis><attscale Sync="TRUE">0</attscale></attr><attr><attrlabl Sync="TRUE">LPAlue</attrlabl><attalias Sync="TRUE">LPAlue</attalias><attrtype Sync="TRUE">String</attrtype><attwidth Sync="TRUE">30</attwidth><atprecis Sync="TRUE">0</atprecis><attscale Sync="TRUE">0</attscale></attr><attr><attrlabl Sync="TRUE">ELY</attrlabl><attalias Sync="TRUE">ELY</attalias><attrtype Sync="TRUE">String</attrtype><attwidth Sync="TRUE">50</attwidth><atprecis Sync="TRUE">0</atprecis><attscale Sync="TRUE">0</attscale></attr><attr><attrlabl Sync="TRUE">Olotila</attrlabl><attalias Sync="TRUE">Olotila</attalias><attrtype Sync="TRUE">String</attrtype><attwidth Sync="TRUE">50</attwidth><atprecis Sync="TRUE">0</atprecis><attscale Sync="TRUE">0</attscale></attr><attr><attrlabl Sync="TRUE">OlotilaMuu</attrlabl><attalias Sync="TRUE">OlotilaMuu</attalias><attrtype Sync="TRUE">Date</attrtype><attwidth Sync="TRUE">8</attwidth><atprecis Sync="TRUE">0</atprecis><attscale Sync="TRUE">0</attscale></attr><attr><attrlabl Sync="TRUE">MuutosPvm</attrlabl><attalias Sync="TRUE">MuutosPvm</attalias><attrtype Sync="TRUE">Date</attrtype><attwidth Sync="TRUE">8</attwidth><atprecis Sync="TRUE">0</atprecis><attscale Sync="TRUE">0</attscale></attr><attr><attrlabl Sync="TRUE">Lisatieto</attrlabl><attalias Sync="TRUE">Lisatieto</attalias><attrtype Sync="TRUE">String</attrtype><attwidth Sync="TRUE">254</attwidth><atprecis Sync="TRUE">0</atprecis><attscale Sync="TRUE">0</attscale></attr><attr><attrlabl Sync="TRUE">Shape</attrlabl><attalias Sync="TRUE">Shape</attalias><attrtype Sync="TRUE">Geometry</attrtype><attwidth Sync="TRUE">0</attwidth><atprecis Sync="TRUE">0</atprecis><attscale Sync="TRUE">0</attscale><attrdef Sync="TRUE">Feature geometry.</attrdef><attrdefs Sync="TRUE">Esri</attrdefs><attrdomv><udom Sync="TRUE">Coordinates defining the features.</udom></attrdomv></attr><attr><attrlabl Sync="TRUE">Voimaantul</attrlabl><attalias Sync="TRUE">Voimaantul</attalias><attrtype Sync="TRUE">Date</attrtype><attwidth Sync="TRUE">8</attwidth><atprecis Sync="TRUE">0</atprecis><attscale Sync="TRUE">0</attscale></attr><attr><attrlabl Sync="TRUE">Shape_STAr</attrlabl><attalias Sync="TRUE">Shape_STAr</attalias><attrtype Sync="TRUE">Double</attrtype><attwidth Sync="TRUE">19</attwidth><atprecis Sync="TRUE">0</atprecis><attscale Sync="TRUE">0</attscale></attr><attr><attrlabl Sync="TRUE">Shape_STLe</attrlabl><attalias Sync="TRUE">Shape_STLe</attalias><attrtype Sync="TRUE">Double</attrtype><attwidth Sync="TRUE">19</attwidth><atprecis Sync="TRUE">0</atprecis><attscale Sync="TRUE">0</attscale></attr></detailed></eainfo><mdHrLvName Sync="TRUE">dataset</mdHrLvName><spatRepInfo><VectSpatRep><geometObjs Name="LsAlueYks"><geoObjTyp><GeoObjTypCd value="002" Sync="TRUE"></GeoObjTypCd></geoObjTyp><geoObjCnt Sync="TRUE">12196</geoObjCnt></geometObjs><topLvl><TopoLevCd value="001" Sync="TRUE"></TopoLevCd></topLvl></VectSpatRep></spatRepInfo><spdoinfo><ptvctinf><esriterm Name="LsAlueYks"><efeatyp Sync="TRUE">Simple</efeatyp><efeageom code="4" Sync="TRUE"></efeageom><esritopo Sync="TRUE">FALSE</esritopo><efeacnt Sync="TRUE">12196</efeacnt><spindex Sync="TRUE">TRUE</spindex><linrefer Sync="TRUE">FALSE</linrefer></esriterm></ptvctinf></spdoinfo><mdDateSt Sync="TRUE">20170517</mdDateSt></metadata>
